name,mass,x,y,z,vx,vy,vz
Sun,1.0,-0.007134099483579497,-0.002794935689492118,0.00020607722308185208,5.375251588980777e-06,-7.395362614895154e-06,-9.426583149263332e-08
Mercury,1.6601205952315097e-07,-0.137222719882577,-0.450087272291584,-0.024392742491699114,0.021371648676297247,-0.006455289412425491,-0.002487930564548049
Venus,2.447861923991813e-06,-0.725450455121651,-0.035501597325613296,0.0412217015713768,0.0008042037943128289,-0.020302219434260825,-0.0003235599380246281
Earth,3.003500178529221e-06,-0.18430534858820433,0.9644195492774553,0.0002058187737878432,-0.017197742136384933,-0.003171649905014778,-9.342031132595015e-08
Mars,3.2271545459574447e-07,1.383533648194442,-0.01618599984782303,-0.03425518200022394,0.0006779669457963166,0.015180422898499307,0.00030152908471288496
Jupiter,0.000954603287955061,3.9911868403005677,2.9429159753790146,-0.10151173739276989,-0.00456449839965312,0.006425321597190784,7.560081382990224e-05
Saturn,0.0002858177392668735,6.407650387771498,6.5428725292136,-0.36894069563127274,-0.004275667037015422,0.0038856990493559315,0.00010230823131460787
Uranus,4.365668076460797e-05,14.418331783025932,-13.74044066140692,-0.2378270431525073,0.0026870640424631817,0.0026561875542502012,-2.4970292363984215e-05
Neptune,5.150341720015892e-05,16.797628712435294,-24.995504795929282,0.12760928730971466,0.0025886886668834395,0.0017609737129254685,-9.603498818602217e-05
Moon,3.6922860289569364e-08,-0.1862607749677513,0.9626120971468715,0.0004434327638620059,-0.016830457834323357,-0.003600712627955633,-4.953426522397352e-06
A00001,1.1395660809982072e-13,2.9728961237188467,-0.3944804876706094,0.07328455542904169,0.0008769785587507898,0.00990680913836626,0.0003044489568098705
A00002,6.544442431505157e-14,-1.795679274876358,2.2635196703446923,-0.017190852446888123,-0.006806009055580575,-0.006561016884829089,-0.0017282317933973957
A00003,7.080751076465132e-14,-2.2818386449870047,2.593770765705408,0.09562130068193384,-0.006322829981976489,-0.006072398296000288,-0.0001267317953511445
A00004,2.2732423154987623e-14,-2.1704022726136976,-1.8430360416396803,0.06902657895150399,0.006331807225516021,-0.00820860607274672,-0.0005268886075184098
A00005,2.7296773269201048e-14,-2.0310100801966886,-0.5581272641817033,0.30705304993264737,0.0032785550956575178,-0.011590580764070995,-0.0006580232848571462
A00006,1.368545562886251e-13,2.526702259588424,-2.204637810758083,-0.15217196599780994,0.00651118199535049,0.006563252091069982,-0.00038851651891261626
A00007,6.7366779700949426e-15,-0.9365165006539115,2.9436543737412397,-0.6658623570295984,-0.008901423738005794,-0.003117280300162263,-0.0002289954972534362
A00008,3.513075511867261e-14,-0.11690153565643062,3.065546357835696,-0.06628249877438318,-0.009746657123652023,-0.0006043538387864217,0.00013844128222387225
A00009,4.406327831701167e-14,-1.7525948313902724,-1.5737443106748028,-0.1663578828372856,0.007767827648731444,-0.0075645783029014355,-0.0016510565403903585
A00010,7.395624400817389e-14,-0.25098687591558416,-2.2493430191912496,0.3383629753324897,0.012003927887392078,-0.000762893962982853,-0.001552674754699182
A00011,8.8477052939831e-14,2.0889508415325855,1.1735884128292084,-0.1996602080280318,-0.004746029595154089,0.01000872339967723,-0.0024903949842447976
A00012,7.442279715822926e-14,-1.9088778989791266,3.126772132439518,0.8951096099426393,-0.006821540239125468,-0.004277529087051469,0.00015759267836268473
A00013,1.2690921287085071e-14,1.2304867762309188,-2.9791002070056396,-0.010295009453321563,0.008519824509479582,0.0028295713358979214,0.0002202985007292338
A00014,3.676243169334213e-14,-3.3404938382058416,0.6954778639121986,0.09287890127258587,-0.0019455293985949514,-0.008603553397209147,-0.00040262762908772535
A00015,1.2727205934229713e-13,1.5003164703312102,-1.8572873841493573,-0.1996582265317754,0.009650694655587412,0.0060910399319882395,0.002031691830284505
A00016,9.619303914810747e-14,-0.24363151847510037,-2.2248389104361586,-0.2595355144910681,0.01154664152552989,-0.0018795431716755447,-0.0012859412548229417
A00017,9.793714056094997e-14,-2.7848941999167875,-0.5094112336879851,-0.3253407941372086,0.0008868103475695678,-0.010011263186216587,-0.0006048034383573612
A00018,1.0111357294912729e-13,0.5179501499753638,2.154744637885351,0.18645678943296967,-0.010876023672456716,0.0033295311740220114,-0.0003168032063608878
A00019,1.1509911781864432e-13,2.178530330054059,2.3617386146714385,0.14497550713687116,-0.006761636708166168,0.0064779540589361825,0.000306874380085442
A00020,8.767286611290328e-15,-1.6913056697385533,2.7142888640820098,-0.00031064482737566625,-0.00724494979572389,-0.005395316746479662,-6.241990058527647e-06
A00021,5.531043911721011e-14,-3.0572118980991823,-0.4665727429375944,-0.07017037951105001,0.0017171540561587298,-0.009522198909892672,-1.6852384239916061e-06
A00022,8.139860850355719e-14,2.2165968281778614,-1.380532892541477,0.12269772420703887,0.005693375947696298,0.00873683182875637,-4.864395231501766e-05
A00023,5.106318251354786e-14,1.6899052324993413,-2.96210596751987,0.22573152442361688,0.007819444128836162,0.004302061664911212,0.0016853205483142856
A00024,1.274064066881988e-13,-3.1443249366320623,-0.10203023372605384,0.029064881523309015,-0.0006327670107271397,-0.009745789628788354,-7.577347331128552e-05
A00025,7.280586078929005e-14,-0.9483499582037872,-3.052623640838022,0.24906397394590968,0.009018512611294539,-0.002444069870805601,0.0003965385251417542
A00026,1.159627795290974e-13,-2.3560413235329714,-0.5914476980321173,0.11107685353396682,0.0019034521436384205,-0.010227735017142942,0.0030460382779304985
A00027,1.285434545398391e-13,1.9863717837724708,-1.1226839953003631,0.006019670963656523,0.006357827899893019,0.010347693343303169,7.768493104274278e-05
A00028,7.615802103102713e-14,-1.443344693022227,1.8989030933274187,-0.1792708742377076,-0.008711771739849727,-0.005783776241730481,0.0009034002965062836
A00029,1.3722397803796945e-13,-0.9222622431877995,-2.3238598423380137,0.4034673102666312,0.009413645223986343,-0.0039888628127262744,-0.0005551060993719317
A00030,8.857945809449156e-14,1.3405141133765044,2.5709795451378508,-0.07496524886864651,-0.008706591471725334,0.004983139325142544,-0.0012187352835070298
A00031,1.2828075825927355e-13,-0.7044962261179342,3.212280137873957,0.017090331173082667,-0.008691577569035467,-0.0022962407947665336,0.000414797868592614
A00032,5.1385184632738584e-14,2.2010603660615295,2.66414058900208,0.0006643438336896236,-0.006977818565081395,0.005480314350713691,0.0011415305664897646
A00033,7.525664895245442e-14,-2.486176314244717,0.446330227446942,-0.018774353404548312,-0.0015475742881028026,-0.010483990242238206,0.0019840357094952745
A00034,8.017409409763905e-14,2.5855786294195933,-0.5302565302924187,-0.003369697511076003,0.0015782015209390371,0.010235379776815766,-4.141925238817525e-05
A00035,1.5838715087029362e-14,-1.4598290227806212,-2.2831419414602365,0.08109818258440314,0.00884762124261463,-0.005402093414899797,-0.0006351018660582066
A00036,6.012982517108908e-14,1.0362969755776608,-2.2003085234993915,0.03259225249870257,0.01008381008535143,0.003778426504132206,-0.0004580202447844098
A00037,1.383985599118067e-13,1.5993089933728981,1.5057800680618025,-0.3102945480684464,-0.008710177413074949,0.007657981667522127,0.00019265210028140137
A00038,9.51736970018066e-14,0.013019390005610105,-2.8091870474864025,0.09771317856647188,0.009978691016742154,0.0001964387141264416,-0.0006707788031592947
A00039,2.6780789865830418e-14,1.942608747750124,1.3582494261487077,-0.4397314025057708,-0.006245104178035107,0.008979153136051365,-0.00042257570336028957
A00040,5.1123402328044116e-14,2.4255177952720297,2.183206814569046,0.029944392736445568,-0.006594304143678441,0.005946957575613585,-0.00018151458859569852
A00041,2.8907507428223854e-14,0.5877585766107946,-2.7238650879220043,0.0217132323290112,0.00983461065584018,0.001473298483397319,-0.0009588775909683445
A00042,3.7455504566022935e-15,-3.3595954885232113,0.9023985694608666,-0.006046002265919298,-0.0021771744799701995,-0.0083808373470213,-0.00027005676594153916
A00043,1.3992577715064824e-13,-0.9281549002392449,2.814462368823822,0.06709914822585793,-0.00925384756233564,-0.0036376339738781946,-0.0002638172017669555
A00044,6.762121141869537e-14,2.2409001372402004,-0.18322210369529307,-0.0020098003858816747,-0.00014956343065009725,0.01194005574555474,-0.0002921360503538402
A00045,4.639809209651814e-14,-1.149563237456623,2.516690336787551,-0.02790488569913658,-0.009470599793148746,-0.0051004017567712265,0.0016413145727079423
A00046,9.029231468924822e-14,2.898355022892414,-1.2407466569854608,0.023568383114417703,0.0037363824023200903,0.008763769308497047,-9.777661665739128e-05
A00047,1.1040295168890645e-15,-2.4441506732336093,1.9985422234102852,-0.026022677186272155,-0.005224157304260515,-0.006707042305404585,-0.000259805783198858
A00048,4.1945492744742216e-14,-1.201265560286422,-2.082929813649703,0.08008089537340979,0.009612458796471633,-0.004354469195806232,0.0037995452178178086
A00049,1.0606664253229974e-13,-0.8559723058289912,2.962623751536875,0.05226384931041566,-0.009060917109895301,-0.0015460386421512473,-0.002429580589595923
A00050,9.561688039095678e-14,1.477730797368162,1.6320393918276987,-0.1550787165409771,-0.008993785942178548,0.007385851520786911,-0.0010863616268695399
A00051,1.4812484093640495e-13,-1.1907165302628948,2.2758478114598906,-0.09641486897948005,-0.00905069745779964,-0.004679432772934874,-0.00014377782614727487
A00052,9.35934122917135e-14,-0.9344645625966858,1.7983632392332745,0.09825062309632648,-0.010867400886906894,-0.005229887381745017,0.0024455785688812684
A00053,7.204146131570816e-14,-2.694511871065286,0.276250874032726,-0.2231343874709007,-0.0018077311051905211,-0.010861346501597414,-6.426311300645018e-05
A00054,1.1487727122996028e-13,2.583373918369168,1.057970931852761,-0.0951728338627938,-0.00450213476792003,0.009414237228356695,0.00031224120130897887
A00055,1.36284911646313e-13,0.25544248050535784,-2.690089752430453,0.1974547143202263,0.010716763821620786,0.0008038401810359519,0.0016653117864246323
A00056,1.0873136799627792e-13,0.6576558683802244,3.008051843441732,0.2494536448672668,-0.009259517826957301,0.002775179982396998,-0.0005444256270676122
A00057,1.4531946866364106e-13,2.2945165284968443,1.5538028530788721,-0.059146843738395204,-0.00498906949029059,0.008687423213517812,0.0008749101913780406
A00058,1.1798104533449457e-13,-2.101913650782158,-1.7139627574869016,-0.027987837598842248,0.005867282109724328,-0.008275659892120379,0.003116860160170487
A00059,1.3077419557606586e-13,-1.1465166165103524,-2.0550429183329215,-0.023775244865112708,0.009253554111418543,-0.00601119114673071,-0.0002310387121708501
A00060,1.7215299829024312e-14,-0.8515051618715265,2.0646212105145523,-0.17146790016087157,-0.010427992371786434,-0.004596282877522104,-0.0014368998651707453
A00061,1.1049918705569273e-13,1.3467431754829016,2.147059208670894,0.08674209373320052,-0.009585222507170161,0.006180755301848935,0.000754719241130423
A00062,6.639635989957659e-14,-2.5175735945732876,-0.25163715397808,-0.1489714095606286,0.0027847471706342873,-0.010697572006426972,-0.0010764123134383787
A00063,8.344686498643688e-14,2.161120031309479,-1.5408834780307024,-0.034641409514043195,0.005682672702280027,0.009150374314045421,2.1447224503032257e-05
A00064,9.868445022670573e-14,2.1807959842487694,2.547114136063202,0.7577132118707356,-0.0059232834877657415,0.006109561742287188,0.0011017856338469423
A00065,1.4631579314576238e-13,-1.4116060819606675,-2.384788582458097,-0.43232337269163484,0.008586375899825742,-0.005723502176767112,0.0013190501220455525
A00066,1.4854307072845252e-13,3.1045981749253873,0.17541058573464835,0.48412152244807943,-0.0009128093571270147,0.008607259137853306,-0.0023514499281811793
A00067,4.348528537927457e-14,2.5107193515755553,-0.7324775191517677,0.42118017203571023,0.0032905040353451045,0.010210263398324737,0.00096232294242954
A00068,1.107013510276129e-13,-1.8901107941919362,1.7859822003004746,-0.20161076500509437,-0.007404261097550453,-0.007096479926967412,-0.0014041477284871039
A00069,1.1314996524817707e-13,1.8000844858289184,0.13202773258257655,0.19121665741482258,-0.0019534890553576426,0.01314422013021088,0.003081683618882482
A00070,5.227562492823796e-14,0.04172263015414912,-2.533877203465333,0.0023346348721365855,0.010111187729318892,0.00019549166560231217,-0.00434078846203512
A00071,1.8688644329304158e-14,1.9461815352909624,1.2996576373125934,-0.00836678163163019,-0.006555466920940677,0.00894670970280429,-0.0018282640615210853
A00072,6.178140549646533e-15,2.4762266193736506,1.1275820117473532,-0.023558032701613954,-0.003223616913413413,0.009582978282108162,0.0005014672236308918
A00073,1.1727768631944462e-13,2.2650551003624413,2.3422369735979904,-0.010893161196183726,-0.007207437446043732,0.00585015063764661,-0.00043797094352940536
A00074,7.388114120169274e-14,2.3512554998193873,0.2675532786083686,-0.4792140085726003,-0.0014714692504360148,0.010735984572147849,0.0015751561746347096
A00075,1.4868822024386004e-13,-0.716387223907099,-2.1595914473894346,0.23569532590268708,0.010376848389651284,-0.003780571163664673,0.001050936629178539
A00076,7.015070475523378e-14,-1.9591140247016938,1.6820821649164104,-0.08103881113164224,-0.006279892179588131,-0.008282682976046856,0.0001599150827496364
A00077,1.4753811513634754e-13,0.008629861132429712,-2.1095856985193997,0.224185220847862,0.012598182317436812,-7.931431993471234e-05,-0.0002834719503160364
A00078,6.209467031547662e-14,-2.7779933043896308,0.7040494944972822,-0.06618933701191403,-0.003103807282081433,-0.009738083568211427,0.0005585807374477793
A00079,1.1974274265432279e-13,-0.29576827971217073,2.98894880593337,-0.0011679179063413452,-0.009413275863256665,-0.0010360958421973905,-0.0004980608007978819
A00080,1.2797123856169471e-14,-2.490711416672969,-1.6056610461448966,-0.053122319475600296,0.005053825759052159,-0.008803943225802623,3.9712862344523265e-05
A00081,8.380260078332539e-14,-0.3922751960384165,-2.74856884287657,0.5369297214476338,0.010191993781517356,-0.0019000501154328466,0.00026974869861580463
A00082,1.2100667047324337e-13,2.4269417946685596,0.13986788910661635,0.043788236072000865,-0.002147915667746569,0.011109152325348632,-0.0003417975709193343
A00083,1.3950956034755334e-13,2.7575709481463573,-0.6953845125501069,0.01988157202913558,0.002510764401415733,0.01024164379664756,0.0003852840184882615
A00084,1.2410300613141706e-13,-2.4386818686449945,-0.7730084567521955,0.035851247014008984,0.0034155298771075693,-0.009580883199974818,-0.0003023262162361018
A00085,5.578249201458944e-15,-1.21938503787652,-1.6809470339534498,-0.033233350032714444,0.010131002609768937,-0.006593981858934684,-0.0009074576193218175
A00086,5.622982981371554e-14,-0.008889708726867462,2.107840889850227,0.11882766472986137,-0.012068122865520406,-7.348146560135731e-05,0.0004130247110329359
A00087,7.347605443221707e-15,2.4119103364360317,-1.3390681504331094,0.3925240827128201,0.005929522650475677,0.00877833476701558,2.1552446432422262e-05
A00088,1.6487841431893007e-14,2.7329361394138694,1.0994998174831212,-0.049765313379680653,-0.0032146550144660484,0.00885155296032776,-0.00013357540720363809
A00089,1.0188336424216437e-13,1.2579053544159398,2.1217366229817816,0.07755957888998176,-0.008686133990752206,0.00586847851214286,-0.0003783727952482637
A00090,1.0760924008675673e-13,0.32264944399050016,2.4293610537533437,-0.006213695553717699,-0.011253605476673385,0.0021854121004837726,-8.136159652097827e-05
